Consultas principales,Clics,Impresiones,CTR,Posición
lowkey tattoo,5,86,5.81%,1.8
piercing tenerife,1,14,7.14%,23.57
piercings tenerife,1,8,12.5%,36.62
tienda de piercing santa cruz de tenerife,1,2,50%,1.5
eliminacion de tatuajes santa cruz,0,77,0%,1
piercing santa cruz de tenerife,0,26,0%,24.08
tatuajes tenerife,0,24,0%,72.58
tatuajes santa cruz de tenerife,0,23,0%,14.78
estudio de tatuajes en tenerife,0,18,0%,14.72
laser tatuaje tenerife,0,13,0%,14
tatuadora en santa cruz de tenerife,0,12,0%,28
lowkey,0,8,0%,6.25
piercing tenerife precio,0,8,0%,13.38
tatuador en canarias,0,7,0%,13.71
santa cruz tattoo,0,7,0%,18.57
tatuador en tenerife,0,6,0%,12
estudio de tatuajes en canarias,0,6,0%,15.5
tattoo santa cruz de tenerife,0,6,0%,20.33
lowkey tattoo studio,0,5,0%,1
piercing,0,5,0%,5.6
piercing tenerife sur,0,5,0%,23
sitios de piercing cerca de mi,0,4,0%,3.25
estudio de tatuajes,0,4,0%,4.5
estudios de tatuajes en santa cruz de tenerife,0,4,0%,19.5
lowkey tattoo santa cruz de tenerife,0,3,0%,1
tattoo tenerife,0,3,0%,3
laser tatuaje,0,3,0%,6
laser de tatuaje,0,3,0%,7
tatuajes tenerife precios,0,3,0%,8.67
eliminación de tatuajes,0,3,0%,11
quitar tatuajes tenerife,0,3,0%,19
recomendaciones despues de un tatuaje,0,3,0%,36.67
borrar tatuaje tenerife,0,3,0%,43.67
tattoo laser canarias,0,3,0%,82.33
eliminacion de tatuajes tenerife,0,2,0%,1
eliminar tatuajes tenerife,0,2,0%,1
centros de eliminacion de tatuajes,0,2,0%,1.5
tatuaje santa cruz,0,2,0%,1.5
tatuajes,0,2,0%,2
tattoo,0,2,0%,2.5
estudio de tatuajes tenerife,0,2,0%,3
piercings cerca de mi,0,2,0%,3
tatuajes santa cruz,0,2,0%,3.5
tienda de tatuajes santa cruz de tenerife,0,2,0%,3.5
tiendas de piercing cerca de mi,0,2,0%,5
piercing santa cruz,0,2,0%,7
citas para tatuajes,0,2,0%,11.5
piercing tenerife norte,0,2,0%,14
eliminación de tatuajes tenerife,0,2,0%,29
piercing la laguna,0,2,0%,49
santa cruz tatoo,0,2,0%,55.5
centro de tatuajes,0,1,0%,1
piercing studio cerca de mi,0,1,0%,1
piercings,0,1,0%,1
estudio tattoo,0,1,0%,2
lowkey tatto,0,1,0%,2
tienda de tatuajes cerca de mi,0,1,0%,2
sitios piercing cerca de mi,0,1,0%,3
tenerife tattoo,0,1,0%,3
estudio tatuajes,0,1,0%,4
piercing cerca de mi,0,1,0%,4
studio tatuajes,0,1,0%,4
tattoo piercing cerca de mi,0,1,0%,4
centro de tatuajes cerca de mi,0,1,0%,5
laser tatoo,0,1,0%,5
tattoo piercing,0,1,0%,5
tattoo santa cruz,0,1,0%,5
tatuajes en tenerife,0,1,0%,5
pearsing,0,1,0%,6
pirciengs,0,1,0%,6
tatuaje laser,0,1,0%,6
tatuador tenerife,0,1,0%,7
tattoo cover,0,1,0%,10
piercingd,0,1,0%,11
tattoo laser removal near me,0,1,0%,11
tattoo removal near me,0,1,0%,11
diseño de tatuajes personalizados tenerife,0,1,0%,34
santa cruz tatto,0,1,0%,39
santa cruz tattoos,0,1,0%,39
cuidados despues de tatuarse,0,1,0%,47
pablo matos,0,1,0%,47
recomendaciones despues de tatuarse,0,1,0%,51
cuidados posteriores a un tatuaje,0,1,0%,55