Páginas principales,Clics,Impresiones,CTR,Posición
https://tattoolowkey.com/,22,740,2.97%,4.25
https://tattoolowkey.com/blog/cuanto-cuesta-un-tatuaje-en-tenerife,5,78,6.41%,5.72
https://tattoolowkey.com/laser-eliminacion-tatuajes-tenerife,1,88,1.14%,18.51
https://tattoolowkey.com/en/tattoos-tenerife,1,81,1.23%,5.46
https://tattoolowkey.com/en/laser-tattoo-removal-tenerife,1,62,1.61%,7.69
https://tattoolowkey.com/en/blog/cuanto-cuesta-un-tatuaje-en-tenerife,1,18,5.56%,6.78
https://tattoolowkey.com/tatuajes-santa-cruz-tenerife,0,192,0%,19.14
https://tattoolowkey.com/piercing-tenerife,0,152,0%,19.52
https://tattoolowkey.com/en,0,34,0%,3.68
https://tattoolowkey.com/artistas/fifo,0,22,0%,10.18
https://tattoolowkey.com/artistas/sergio,0,20,0%,9.65
https://tattoolowkey.com/blog/cuidados-despues-de-un-tatuaje,0,20,0%,19.95
https://tattoolowkey.com/blog/tamurathepiercer-piercing-profesional-tenerife-mayo-2026,0,17,0%,7.82
https://tattoolowkey.com/artistas/pablo-matos,0,15,0%,10.47
https://tattoolowkey.com/en/piercing-tenerife,0,14,0%,5.43
https://tattoolowkey.com/en/artists/fifo,0,4,0%,4.25
https://tattoolowkey.com/en/artists/sergio,0,2,0%,7.5